epoch,time,train/box_loss,train/cls_loss,train/dfl_loss,metrics/precision(B),metrics/recall(B),metrics/mAP50(B),metrics/mAP50-95(B),val/box_loss,val/cls_loss,val/dfl_loss,lr/pg0,lr/pg1,lr/pg2
1,2173.6,0.72787,0.67088,0.00718,0.78406,0.6669,0.73109,0.56906,0.84257,1.30176,0.01111,5e-05,5e-05,5e-05
2,4329.3,0.7266,0.65712,0.00705,0.77977,0.65889,0.72148,0.56656,0.83931,1.2691,0.01073,4.01e-05,4.01e-05,4.01e-05
3,6484.62,0.717,0.6444,0.00688,0.77631,0.65752,0.72462,0.57236,0.83344,1.30811,0.01081,3.02e-05,3.02e-05,3.02e-05
4,8639.13,0.71034,0.62866,0.00683,0.77521,0.66604,0.72591,0.57038,0.83653,1.29357,0.0108,2.03e-05,2.03e-05,2.03e-05
5,10843.1,0.70813,0.6311,0.00678,0.77827,0.65942,0.72538,0.57051,0.83241,1.29328,0.01071,1.04e-05,1.04e-05,1.04e-05
